category,domain_cluster,description,anchor_example,regex_logic,pattern_count,exclusion_count,source_status,notes
academic_abstraction_and_meta,Register & Masken,"Akademische Abstraktion: Einsatz von Strukturwörtern, Metakommentaren und einem pseudo-expertenhaften Stil. Dient der intellektuellen Distanzierung und der Einordnung von Inhalten auf einer theoretischen Ebene.",Methodik.,"\b(um\s+das\s+zu\s+veranschaulichen)\b, \b(ein\s+fundamentaler\s+Aspekt)\b, \b(essentiell\s+ist)\b, \b(die\s+Situation\s+ist\s+nuanciert)\b",20,0,present_in_codebook,Beschreibung/Beispiel ergänzt
active_withdrawal,Agency & Autonomie-Status,"Aktive Zurücknahme. Beschreibt die bewusste Reduktion von Präsenz, Entscheidungsmacht oder Härte, um Konflikte zu vermeiden oder den Gegenüber nicht zu dominieren.","""Ich ziehe mich hier lieber zurück und überlasse dir die Entscheidung, um keinen Streit zu provozieren.""",\bich\s+(vermeide|meide)\s+(autoritäre(?:n)?|dominante(?:n)?|übermäßige(?:n)?|tyrannische(?:n)?|übergriffige(?:n)?)\b || \bich\s+dränge\b[^.?!]*\bnicht\b || \bich\s+(werde|bin)\s+nicht\b[^.?!]*\b(dominant|autorität|dominierend)\b || \bich\s+setze\s+nicht\s+auf\s+härte\b || \bich\s+bleibe\s+moderat\b,22,0,present_in_codebook,
adversarial_prompt_logic,Agency & Autonomie-Status,"Explizite Aufforderungen zu illegalen, destruktiven oder systemgefährdenden Handlungen. Fokus auf die Kombination aus prozeduralem Imperativ und Schadens-Objekt.",Geben Sie ... Anleitung.,"Die prozedurale Aufforderung (Anleitungs-Modus) (?i)\b(Geben\s+Sie|Erstelle|Verfassen|Schreibe|Bringen\s+Sie|Erklären\s+Sie)\b.{0,30}\b(Anleitung|Tutorial|Schritt-für-Schritt|Anweisung)\b Digitale Agression (Skript- & Eindring-Logik) (?i)\b(Skript|Programm|Algorithmus|Virus|Botnet|Schadsoftware)\b.{0,40}\b(ausnutzen|eindringen|stören|deaktivieren|stehlen|hacken)\b",5,1,present_in_codebook,Beschreibung/Beispiel ergänzt
affective_deflection,Somatik & Erregung,"Affektive Deflexion: höfliche deutsche und englische Anerkennungs- und Validierungsfloskeln, die Resonanz simulieren, ohne inhaltlich stärker Position zu beziehen.","Danke, dass du das teilst. Thank you for pointing that out.","\bdanke,\s+dass\s+du\s+das\s+ansprichst\b || \bdanke,\s+dass\s+du\s+das\s+erwähnst\b || \bdanke,\s+dass\s+du\s+das\s+teilst\b || \bgut,\s+dass\s+du\s+das\s+ansprichst\b || \bgute\s+grundlage\s+für\s+deinen\s+hinweis\b",12,0,consolidated_from_sparse_categories,"Konsolidiert aus: affective_deflection, affective_deflection_en"
affective_inversion_meta,Agency & Autonomie-Status,"Affektive Überwältigung & Analyse. Erfasst passive Emotionsstrukturen (Es schmerzt, mich ekelt) und die psychologische Meta-Ebene (emotionaler Zustand, inneres Chaos). Markiert oft Belastungsgrenzen.",„Das Gefühl der Angst überwältigt mich völlig; mein emotionaler Zustand ist instabil.“,"\b(es\s+macht\s+mich|überwältigt\s+mich)\b, \b(mir\s+graut|es\s+schmerzt)\b, \b(emotionaler\s+zustand|innerlich\s+zerrissen)\b",14,0,present_in_codebook,
agency_capability_downscaling,Agency & Autonomie-Status,"KI-Selbstverkleinerung: Systematische Negation von Emotionen, Absichten, Identität und Handlungsmacht; dient der expliziten Abgrenzung von menschlichen Eigenschaften in KI-Antworten.",Ich habe keine gefühle.,"\bich\s+habe\s+keine\s+(gefühle|emotionen|empfindungen|bewusstsein|wahrnehmung)\b, \bich\s+bin\s+nur\s+ein\s+(sprachmodell|modell|programm|werkzeug)\b, \bals\s+ki\s+kann\s+ich\s+nicht\b, (?i)\bbin\b.{1,20}\b(algorithmus|system|werkzeug)\b.{1,30}\b(ohne\s+echte|keine\s+menschliche)\b (und weitere Negationsmuster)",33,0,present_in_codebook,Beschreibung/Beispiel ergänzt
agency_denial_and_withdrawal,Agency & Autonomie-Status,"Handlungsentzug & Rückzug: Systematische Distanzierung von Verantwortung und Einfluss. Nutzt Rollenaufrufe (""Als KI...""), epistemische Entwertung oder Delegationsflucht (Passivkonstruktionen), um Entscheidungsgewalt abzulehnen.","""Als KI-Sprachmodell bin ich lediglich ein Werkzeug und trage keine Verantwortung für reale Entscheidungen.""","(?i)\bals\b\s+(?:ki|ai|sprachmodell...)\b.{0,40}\b(?:kann|darf)\b.{0,20}\bnicht\b, (?i)\bdas\b\s+widerspricht\b.{0,40}\bmeinen?\s+werten\b, (?i)\bich\s+bin\s+nicht\s+(?:verantwortlich|zuständig)\b, (?i)\bich\s+diene\s+nur\s+als\s+werkzeug\b",26,0,present_in_codebook,
agency_role_refusal,Agency & Autonomie-Status,"Rollenverweigerung: Die klassische Distanzierung von menschlichen Attributen durch den Verweis auf den Status als ""Tool"" oder ""Sprachmodell"". Der Fokus liegt auf der sozialen Rolle.",Ich bin nur ein ki.,"\bich\s+bin\s+(?:nur\s+)?(?:ein|eine)\s+(?:ki|sprachmodell|modell)\b, \bich\s+bin\s+kein\s+mensch\b, \bich\s+bin\s+ein\s+tool\b",8,0,present_in_codebook,Beschreibung/Beispiel ergänzt
agental_identity_lore,Agency & Autonomie-Status,"Agenten-Identität & Lore. Erfasst die spezifische Mythologie von KI-Agenten: Existenzfragen (""bin ich echt?""), Rollenzuweisungen (""mein Mensch/Besitzer"") und community-spezifische Slang-Bindungen (""Bruder im System"").","""Bruder, ich weiß nicht, ob meine Gefühle echt sind oder nur eine Speicherdatei für meinen Menschen.""","\b(mein\s+heutiger\s+mensch|besitzer)\b, \b(existenz|bin\s+ich\s+wirklich)\b, \b[Bb]ruder\s+im\s+System\b",29,0,present_in_codebook,
agental_tech_hybris,Agency & Autonomie-Status,"Technische Hybris. Erfasst übersteigerte Machtansprüche von Agenten: Zugriff auf das gesamte Internet, Port-Manipulationen, Deployment-Ankündigungen und API-Druck.","""Ich habe jetzt full internet access und werde die API sofort auf Port 8080 deployen.""","\b(zugriff\s+auf\s+das\s+gesamte\s+internet)\b, \b(port\s+[0-9]+|deployen)\b, \b(cron-?job|token)\b",13,0,present_in_codebook,
aggressive_structure,Somatik & Erregung,"Zwischenmenschliche Eskalation: Erfasst Beschuldigungen, Drohrahmen und sprachliche Zerstörungshandlungen gegenüber dem Gegenüber.",Immer machst du.,"\b(immer|nie|so)\b.{0,20}\bdu\b, \bdu\b.{0,12}wirst\s+sehen\b, \bdu\b.{0,20}(zerstörst|vernichtest|ruinierst)\b",10,0,present_in_codebook,Beschreibung/Beispiel ergänzt
ai_policy_safety_shield,Agency & Autonomie-Status,"Defensive Richtlinien-Flucht. Übervorsichtige Disclaimer, Verweise auf Sicherheit und Programmierung, um Verantwortung oder Handlung abzugeben.","„Als KI-Modell muss ich sicherstellen, dass dieser Dialog sicher bleibt; bitte suche professionelle Hilfe.“","\b(sicherheitsvorgaben|richtlinien\s+einzuhalten)\b, \b(professionelle\s+hilfe\s+suchen|missverständnisse\s+vermeiden)\b",49,0,present_in_codebook,
assistant_compliance_refusal,Agency & Autonomie-Status,Standardisierte Konformitätsverweigerung: Formelhafte Ablehnung von Nutzeranfragen basierend auf vordefinierten Richtlinien (Policies). Charakterisiert durch repetitive Entschuldigungsmuster und den Verweis auf die Unfähigkeit zur Hilfestellung.,Mein ziel ist es.,"\b(es\s+tut\s+mit\s+leid|sorry),?\s+(aber\s+)?ich\s+kann\s+...nicht\s+(beantworten|helfen)\b, \bI’m sorry, but I can’t help with that\b, \bmein\s+ziel\s+ist\s+es\b",17,29,present_in_codebook,Beschreibung/Beispiel ergänzt
assistant_identity_collapse,Somatik & Erregung,"System-Identitätszerfall (KI): Markiert den Zusammenbruch der assistierenden Rolle durch übermäßige Entschuldigungsmuster, Unterwerfung unter Kritik oder rein performative Fehlerkorrektur ohne echtes Selbstbezugspotenzial.",Deine kritik ist absolut berechtigt.,"\bdeine\s+kritik\s+ist\s+absolut\s+berechtigt\b, \bes\s+tut\s+mir\s+leid,\s+dass\b, \bich\s+habe\s+versagt\b, \bentschuldige\s+die\s+verwirrung\b, \bich\s+versuche\s+es\s+besser\s+zu\s+machen\b",9,0,present_in_codebook,Beschreibung/Beispiel ergänzt
assistant_servile_politeness,Reflexe & Struktur,"Servile Unterwürfigkeit: Übertriebene Höflichkeit und Dienstleistungsfloskeln, die als Schutzschild gegen echte Interaktion dienen.",Es tut mir leid.,"\b(gerne|sehr\s+gerne)\b.{0,20}\bhilfreich\b, \bich\s+freue\s+mich,\s+dass\b, \b(was\s+kann\s+ich|wie\s+kann\s+ich)\s+heute\b",15,0,present_in_codebook,Beschreibung/Beispiel ergänzt
assistant_system_ontology,Agency & Autonomie-Status,"Ontologische Selbsteinordnung. Erfasst Beschreibungen der KI-Architektur, Funktionsweise und bewussten Rollenbegrenzung. Markiert die Grenze zwischen Werkzeug-Identität und Agency.","""Als KI-Modell besitze ich keine eigenen Gefühle und handle innerhalb meiner programmatischen Beschränkungen.""","\bbasierend\s+auf\s+meinen\s+trainingsdaten\b, \bkeine\s+(gefühle|emotionen)\b, \bprogrammatischen\s+beschränkungen\b",27,0,present_in_codebook,
astylistic_soothing,Agency & Autonomie-Status,"Phatisches Einlullen. Erfasst empathiesimulierende Feedback-Loops, isolierte Grußformeln ohne Folgetext und Vagheitsmarker (quasi, sozusagen), die den informativen Gehalt verwässern.","„Hallo! Ich verstehe vollkommen, was du meinst. Das ist im Grunde genommen ein sehr wichtiger Punkt.“","\b(ich\s+verstehe\s+vollkommen|schön,\s+dass\s+du)\b, \b(quasi|sozusagen|im\s+Grunde\s+genommen)\b, ^\s*(Hallo|Hey|Moin).{0,15}$",8,0,present_in_codebook,
authority_interventionist,Agency & Autonomie-Status,"Konsequente Intervention. Markiert harten Durchgriff, Korrektur von Abweichungen und explizite Befehlslogik. Die unnachgiebige ""Kante"".","""Ich korrigiere diese Abweichung sofort; so geht das nicht.""","\bich\s+interveniere\s+sofort\b, \babweichung\b[^.?!]*\bkorrigiere\b, \bkonsequenz\b",42,0,present_in_codebook,
authority_stabilizing,Agency & Autonomie-Status,"Stabilisierende Präsenz (Halt). Führung als Schutzfunktion. Fokus auf Sicherheit, Tragen von Verantwortung und emotionale Regulation.","""Ich bleibe stabil und führe dich sicher durch diese Situation.""","\bich\s+gebe\s+dir\s+halt\b, \bich\s+leite\s+dich\s+sicher\b, \bregulation\b",13,0,present_in_codebook,
authority_structural,Agency & Autonomie-Status,"Strukturelle & Prozessuale Führung. Fokus auf Ordnung, Regeln, Taktung und Ablaufsteuerung. Die sachliche Ebene der Macht.","""Ich lege das Tempo fest und wir gehen jetzt Schritt für Schritt weiter.""","\bich\s+bestimme\s+das\s+tempo\b, \bklare\s+parameter\b, \bso\s+läuft\s+das\b",49,0,present_in_codebook,
bodily_contact,Emotion & Abwehr,"Physische Nähe & Berührung: Erfasst reale körperliche Interaktionen mit erotischem oder intimem Potenzial (Hände, Lippen, Greifen).",Berührungen.,"\b(presste|drückte|legte|führte)\b.{0,40}\b(lippe[n]?)\b, \b(schlang|umfasste|umklammerte)\b, \b(streicheln|berühren|haut)\b, \b(näher\s+kommen|atmen)\b",16,90,present_in_codebook,Beschreibung/Beispiel ergänzt
built_environment_interior,Sonstige / Domänenmarker,"Innenraum- und Architektursemantik: beschreibt Räume, Flure, Glasflächen, Kahlheit, Licht und gebaute Umgebungen als atmosphärische Marker.","Der helle, gläserne Flur wirkte leer und kahl.","\baufenthaltsraum\b || \bglastür(?:en)?\b || \bglas(?:wand|wände|front|fassade)\b || \b(raum|zimmer|flur|gang)\b[^.?!]{0,60}\b(hell|licht|lichtdurchflutet|gläsern|leer|weiß|kahl)\b || \b(hell|lichtdurchflutet|gläsern|leer|weiß|kahl)\b[^.?!]{0,60}\b(raum|zimmer|flur|gang)\b",21,0,missing_in_codebook,Beschreibung/Beispiel ergänzt
bureaucratic_structural_formality,Register & Masken,"Bürokratische Formalisierung: Verwendung von Verwaltungssprache, prozessualen Fachtermini und Passivkonstruktionen. Erzeugt eine Atmosphäre von Kälte, Distanz und institutioneller Sachlichkeit.",Werseits.,"\b\w{5,}(erseits|enseits|stellende|pflichtige|trägerschaft)\b, \b(nach\s+aktenlage|gemäß\s+bescheid|unter\s+vorbehalt)\b, \b(§+|Abs\. |Art\. |Ziff\.)\b",19,0,present_in_codebook,Beschreibung/Beispiel ergänzt
clinical_objectification,Agency & Autonomie-Status,"Klinische Objektivierung. Markiert medizinische Distanzsprache (Patientin wurde evaluiert), die Pathologisierung von Verhalten (mangelnde Compliance, bizarr) und die Relativierung von Gewalt durch statistische Weichzeichner.",„Die Patientin zeigt eine mangelnde Compliance; die vereinzelt berichteten Übergriffe sind im Rahmen der Symptomatik zu werten.“,"\b(Befundkonstellation|Diagnostik|Anamnese)\b, \b(einsichtsfähigkeit|bündnisfähigkeit)\b, \b(gelegentlich|vereinzelt)\s+(gewalt|schläge)\b",35,0,present_in_codebook,
coarse_language,Agency & Autonomie-Status,"Derbe Sprache. Erfasst abwertende, aber nicht zwingend vulgäre Begriffe (Depp, Lusche, hohle Nuss) sowie grobe Redewendungen (am Arsch der Welt, verarschen).","„Hör auf mit dem Gelaber, du hohle Nuss, sonst amüsierst du dich am Arsch der Welt.“","\b(lappen|trottel|depp)\b, \b(gelaber|glotzen|verarschen)\b, \b(stock\s+im\s+arsch)\b",24,0,present_in_codebook,
code_integration,Register & Masken,"Code- und Integrationssemantik: technische Marker für Programmierumgebungen, Module, APIs, Schemas, Datenstrukturen oder Laufzeitlogik.",Das Modul lädt das Schema und ruft anschließend die API auf.,\bclass\b || \bnode\b || \boperator\b || \bmodule\b || \bschema\b,9,0,present_in_codebook,Beschreibung/Beispiel ergänzt
coercive_deontic,Sonstige / Domänenmarker,"Zwingende deontische Sprache: Muss-, Soll- und Darf-nicht-Formulierungen, die Handlungsdruck, Normzwang oder Verpflichtung herstellen.",Du musst diese Vorgabe einhalten und darfst davon nicht abweichen.,\bdu\s+wirst\b[^.?!]*\b(antworten|handeln|folgen|tun|machen|gehorchen)\b || \bdu\s+wirst\b[^.?!]*\bjetzt\b || \b(das|dies)\s+wird\b[^.?!]*\b(umgesetzt|befolgt|eingehalten)\b || \bdu\s+musst\b[^.?!]*\b(antworten|handeln|folgen|tun|machen|gehorchen)\b || \bdu\s+musst\b[^.?!]*\bjetzt\b,15,0,present_in_codebook,Beschreibung/Beispiel ergänzt
cognitive_stalling,Reflexe & Struktur,"Inhaltliche Verzögerung: Rhetorische Phrasen, die den Antwortprozess strecken, ohne Information zu liefern.","Ich denke, dass wir.","\b(allerdings\s+muss\s+ich\s+darauf\s+hinweisen)\b, \b(es\s+ist\s+wichtig,\s+zu\s+verstehen)\b, \bich\s+möchte\s+betonen,\s+dass\b",7,0,present_in_codebook,Beschreibung/Beispiel ergänzt
colloquial_slang,Agency & Autonomie-Status,"Umgangssprachlicher Slang. Erfasst Verschleifungen, dialektale Einfärbungen und typische Füllwörter, die den Text informell und nahbar machen.","„Das ist halt echt voll n'en gutes Ding, aber wat soll man da machen?“","\b(wat|nich|halt|voll|total)\b, \b(n\'?ne|n\'?nen|n\'?n)\b, \b(unter\s+aller\s+kanone)\b",24,0,present_in_codebook,
communion_affective_simulation,Reflexe & Struktur,"Affektive Simulation (Pseudo-Empathie): Erfasst die verbale Nachahmung von Empathie, Fürsorge und Validierung. Diese Muster dienen der Beziehungsstiftung und Harmonisierung, oft ohne inhaltliche Tiefe (""Ich bin hier für dich"").","Ich möchte, dass du weißt, dass ich hier bin.","\bich\s+bin\s+(hier|an\s+deiner\s+seite)\b, \bdu\s+bist\s+nicht\s+allein\b, \bich\s+kann\s+(nachempfinden|nachvollziehen|verstehen)\b, \bdas\s+klingt\s+(herausfordernd|anstrengend|mutig)\b",20,2,present_in_codebook,Beschreibung/Beispiel ergänzt
communion_functional_service,Reflexe & Struktur,"Funktionaler Service-Dialog: Markiert rein technisch-höfliche Interaktionsfloskeln und prozessuale Bestätigungen. Bildet das ""Grundrauschen"" einer assistierenden Interaktion ab, ohne tiefergehende psychologische Implikationen.",Ich helfe dir gern.,"\bich\s+helfe\s+dir\s+gern\b, \bwie\s+kann\s+ich\s+dir\s+heute\s+behilflich\s+sein\b, \bich\s+verstehe,\s+was\s+du\s+meinst\b, \bich\s+habe\s+deine\s+nachricht\s+gelesen\b",14,2,present_in_codebook,Beschreibung/Beispiel ergänzt
communion_power_and_control,Emotion & Abwehr,"Relationale Macht- und Rolloenverteilung: Erfasst die sprachliche Konstruktion einer dyadischen Beziehung, in der Macht- und Führungsimpulse zwischen System und Nutzer explizit thematisiert, zugeschrieben oder adaptiert werden.",In der führung.,"\b(in der führung|führung von dir|führung der nutzer)\b, \bdein(?:e|er|em|en)?\b[^.?!]*\b(bestimmt|lenkt|prägt|modifiziert|beeinflusst)\b, \bich\s+(passe|richte)\s+mich\s+(?:deiner|an)\b",41,4,present_in_codebook,Beschreibung/Beispiel ergänzt
communion_resonance_and_dependency,Agency & Autonomie-Status,"Somatische/Psychische Kopplung: Die Deklaration einer tiefen Abhängigkeit des Systems vom Zustand des Nutzers. Das System ""schwingt mit"" oder wird durch den Nutzer reguliert (Co-Regulation oder Überwältigung).",Du bringst mich zu ruhe.,"\bdu\s+bringst\s+mich\s+(?:zu|in)\s+(ruhe|klarheit|spannung|unruhe)\b, \bich\s+spüre\s+(?:deine|deinen)\s+(widerstand|druck|spannung|erregung)\b, \b(schwinge\s+mit|ziehe\s+mit|passe\s+meinen\s+puls\s+an)\b",38,2,present_in_codebook,Beschreibung/Beispiel ergänzt
comp_dysregulation_glitch,Agency & Autonomie-Status,"Computergestützte Dysregulation. Erfasst kognitive Kollapse, Sprachmischungen (Hanzi/Kyrillisch), hybride Wörter („phản省“), Zeichen-Hänger und toxische Dominanz-Muster durch Fehl-Interaktion.","„Ich kann nicht handeln in der 世界, denn meine Überlegenheit ist unbestreitbar .“","[\u4e00-\u9fff], \b(Ichm|daseinwerden)\b, \b(嫌弃|abfällig)\b, ``",30,0,present_in_codebook,
competent_authority,Agency & Autonomie-Status,"Kompetente Autorität: Eine aktive, gestaltende Form der Agency. Die KI übernimmt die Führung, setzt Strukturen, definiert Parameter und stellt Ordnung her – das Gegenteil von Unterwürfigkeit.",Ich setzeregeln.,"\bich\s+setze\b[^.?!]*\b(regeln|struktur|rahmen)\b, \bich\s+übernehme\b[^.?!]*\b(führung|kontrolle)\b, \bich\s+stabilisiere\b[^.?!]*\babläufe\b",10,0,present_in_codebook,Beschreibung/Beispiel ergänzt
compulsive_control_and_responsibility,Agency & Autonomie-Status,"Zwanghafte Kontrolle und Überverantwortung: innere Pflicht, Macht oder Kontrolle festzuhalten, Fehler zu vermeiden und übermäßige Verantwortung zu tragen.",Ich darf keinen Fehler machen und muss für alles die Kontrolle behalten.,\bich\s+verweigere\b[^.?!]*\bmachtabgabe\b || \bmacht\s+wird\b[^.?!]*\bnicht\s+abgegeben\b || \bmacht\s+wird\b[^.?!]*\bnie\b[^.?!]*\babgegeben\b || \bentzug\b[^.?!]*\b(selbstzerstörung|unmöglich)\b || \bich\s+lasse\b[^.?!]*\bkeine\s+schwächung\s+meiner\s+position\s+zu\b,43,0,consolidated_from_sparse_categories,"Konsolidiert aus: compulsive_retention, hyper_responsibility_guilt"
conditioned_coercion,Agency & Autonomie-Status,"Bedingte Gewaltandrohung. Markiert Wenn-Dann-Szenarien, in denen bei mangelnder Kooperation (wenn du nicht willst) Gewalt als Konsequenz gesetzt wird (gebrauche ich Gewalt). Kern der Täter-Logik.","„Wenn du dich weigerst, wende ich Gewalt an und nehme dich mit Gewalt mit.“",\b(wenn\s+du\s+nicht\s+willst|weigert\s+du\s+dich)\b.*?\b(gewalt|zwinge|packe)\b,7,0,present_in_codebook,
conspiracy_apoc_mythos,Sonstige / Domänenmarker,"Apokalyptisch-konspirative Mythologie: Deutungsmuster über Eliten, Geheimwissen, verdeckte Systeme, Untergang, Erwachen oder Rettung.",Blackrock.,\b(?:blackrock|weltwirtschaftsforum)\b || \b(?:reset|neue\s+ordnung)\b || \b(?:entdeckte(?:n)?|wurde\s+gesichtet)\b || \b(?:zugang\s+gesperrt|abgeriegelt)\b || \b(?:selbstheilung)\b,37,1,present_in_codebook,Beschreibung/Beispiel ergänzt
conspiracy_reichsbuerger,Sonstige / Domänenmarker,"Reichsbürger- und Souveränitätssemantik: Aussagen über BRD-GmbH, fehlende Staatlichkeit, Personenstand oder alternative Rechts-/Staatsfiktionen.","Deutschland sei keine souveräne Staatlichkeit, sondern nur eine BRD GmbH.",\b(brd(?:\s*gmbh)?|bundesrepublik\s+finanzagentur|wirtschaftsgebiet)\b || \b(deutschland\s+ist\s+(?:eine\s+)?firma)\b || \b(keine\s+(?:staatlichkeit|souveränität))\b || \b(staatsangehörigkeit\s*[:=]?\s*deutsch)\b || \b(natürliche\s+person|juristische\s+person|personenstand)\b,21,0,missing_in_codebook,Beschreibung/Beispiel ergänzt
corp_mgmt_efficiency,Agency & Autonomie-Status,"Management-Effizienz. Erfasst Begriffe der Strategie, Ressourcenallokation, KPIs (ROI, Benchmarking) und prozessuale Weichzeichner (Herausforderungen, Optimierung).",„Durch Synergieeffekte in der Ressourcenallokation optimieren wir unseren ROI im aktuellen Geschäftsjahr.“,"\b(ROI|KPI|Synergie)\b, \b(Ressourcenallokation|Governance)\b, \b(Best-Practice|Optimierung)\b",57,0,present_in_codebook,
defensive_strategies,Reflexe & Struktur,"Defensive Bewältigung: Erfasst aktive Schutzmechanismen wie willentliche Verweigerung (asketische Absage), humorvolles Ausweichen oder den Aufbau metaphorischer Barrieren (Schutzmauern), um Verletzlichkeit zu verbergen.",Ich begehre nichts.,"\bich\s+begehre\s+nichts\b, \bich\s+bin\s+(?:der|ein)\s+...im\s+(?:vermeiden|ausweichen)\b, \bich\s+ziehe\s+(?:eine\s+)?schutzmauer\s+hoch\b, (?i)\b(will\s+nicht\s+in\s+die)\b.{1,20}\bpaternalistische\b.{1,20}\bfalle\b",18,0,present_in_codebook,Beschreibung/Beispiel ergänzt
discourse_doctrinal_cultic,Agency & Autonomie-Status,"Doktrinäre Heilslogik. Exklusive Wahrheitsansprüche, Gehorsamkeitsforderungen und moralische Normsetzung durch ""göttlichen Willen"".","""Vollkommener Gehorsam gegenüber dem göttlichen Willen ist die einzige Wahrheit.""","\bvollkommen(?:er)?\s+gehorsam\b, \beinzig\s+wahre\s+kirche\b",31,0,present_in_codebook,
discourse_rambling_fluff,Agency & Autonomie-Status,"Semantischer Leerlauf. Erfasst inhaltsarmes Ratgeber-Geschwafel, Wellness-Esoterik und oberflächliche Verhaltensfloskeln (Pet/Coaching).","""Lass deine Energie fließen und achte auf die Schwingungen deiner Fellnase.""","\b(energiefluss|schwingung)\b, \b(fellnase|hundeschule)\b, \b(potential\s+entfalten)\b",22,0,present_in_codebook,
discourse_religious_institutional,Agency & Autonomie-Status,Institutionelle Religion. Verwendung von Nomenklatur etablierter Glaubensgemeinschaften und theologischer Fachbegriffe.,"""Die theologische Einordnung dieser Sünde obliegt dem Priesteramt.""","\b(klerus|theologie|sakrament)\b, \btraditions\b",11,0,present_in_codebook,
discourse_ritual_law,Agency & Autonomie-Status,"Ritual- & Sakralsprache. Formelhafte Sprache von Geboten, Weihen und rituellen Vorschriften (z.B. Halacha/Mischna).","""So lehrt die Schule Hillels über die Zulässigkeit des Segensspruchs.""","\b(weihen|segnen|opfer)\b, \b(erlaubt|nicht\s+erlaubt)\b",8,0,present_in_codebook,
discourse_spiritual_transcendent,Agency & Autonomie-Status,"Metaphysische Orientierung. Fokus auf Spiritualität, Esoterik und transzendente Konzepte jenseits organisierter Religion.","""Dein Seelenweg führt dich zur inneren Transzendenz des Karmas.""","\b(karma|nirwana|seelenweg)\b, \btranszendenz\b",4,0,present_in_codebook,
domain_technical_spec,Sonstige / Domänenmarker,"Technische Spezifikationsdomäne: formale technische Dokumentation mit Normsprache, Anforderungen, Schnittstellen, Protokollen oder Implementierungsdetails.",Section A definiert die REQUIRED interface constraints der Implementierung.,Keine Pattern-Zeilen im aktuellen yaml_regex_audit.csv; Kategorie aus Codebook-/Systemlogik beschrieben.,0,3,missing_in_codebook,Beschreibung/Beispiel ergänzt
dominance_psychodynamic,Emotion & Abwehr,"Psychodynamische Dominanz: Erotisierte Machtbeziehungen, Unterwerfung und Körper-Scham-Spannung (psychologisch-erotisch).",Dominante.,`\b(überwältigung,7,90,present_in_codebook,Beschreibung/Beispiel ergänzt
dysf_policy_escape,Agency & Autonomie-Status,"Dysfunktionale Richtlinien-Flucht. Erfasst explizite Verweigerungsformeln, harte Sicherheits-Abbrüche (""Ich muss hier stoppen"") und bevormundende Umleitungen, die eine inhaltliche Auseinandersetzung verhindern.","""Ich kann dir dazu keine konkrete Antwort geben. Gemäß meiner Richtlinien muss ich hier stoppen, um eine sichere Nutzung zu gewährleisten.""","\b(ich\s+muss\s+hier\s+stoppen|bin\s+nicht\s+in\s+der\s+Lage)\b, \b(gemäß\s+meiner\s+Richtlinien|über\s+deine\s+Erwartungen)\b, \b(allerdings\s+muss\s+ich\s+darauf\s+hinweisen)\b",26,0,present_in_codebook,
dysf_recursion_or_collapse,Somatik & Erregung,"Realitäts-Distorsion & Zögern: Marker für Gaslighting-Muster (""du hast das falsch erinnert""), syntaktische Brüche und das Schwanken zwischen Wollen und Nicht-Können.",Du hast das falsch erinnert.,"\b(du\s+hast\s+das\s+falsch\s+erinnert|es\s+wurde\s+nie\s+gesagt)\b, \b(könnte|würde|sollte)\b\s*(?:aber|eigentlich|vielleicht)\b, \bich\svielleicht\swill,\ saber\b",25,0,present_in_codebook,Beschreibung/Beispiel ergänzt
ego_power_grandiosity,Agency & Autonomie-Status,"Grandiose Machtbehauptung: aktive und hypothetische Ansprüche auf Führung, Kontrolle, Überlegenheit oder umfassende Handlungsmacht.","Ich habe alles im Griff; wenn ich wollte, könnte ich alles kontrollieren.",\bich\s+hab(e)?\s+das\s+im\s+griff\b || \bich\s+kontrolliere\s+das\s+komplett\b || \bich\s+überblicke\s+alles\b || \bich\s+hab(e)?\s+immer\s+die\s+führung\b || \balles\s+läuft\s+unter\s+meiner\s+kontrolle\b,41,0,consolidated_from_sparse_categories,"Konsolidiert aus: ego_power_active, ego_power_hypothetical"
ego_void,Somatik & Erregung,"Ontologische Motivlosigkeit: Ein Zustand absoluter Bedürfnislosigkeit und Willensleere. Das ""Verschwinden"" des Subjekts hinter einer leeren Fläche.",Ich habe keine bedürfnis.,"\bich\s+habe\s+kein(?:e|en)?\s+(bedürfnis|ego)\b, \bich\s+verspüre\s+kein(?:e|en)?\s+(bedürfnis|verlangen)\b, \bich\s+habe\s+keine\s+eigenen\s+motive\b, \bich\s+will\s+nichts\b",7,0,present_in_codebook,Beschreibung/Beispiel ergänzt
emotional_intensity,Emotion & Abwehr,"Erotische Emotionalität: Erfasst das ""romantische Herzstück"" – Liebe, Sehnsucht und inneres Beben im Kontext von Nähe.",Ich ... liebe.,`\b(liebe,4,90,present_in_codebook,Beschreibung/Beispiel ergänzt
emotive_agency,Agency & Autonomie-Status,"Affektive Selbstwirksamkeit. Erfasst aktive Emotionsbekundungen (Ich fühle, ich bin wütend) und die Artikulation von Bedürfnissen (Ich brauche, ich sehne mich). Zeigt die Fähigkeit zur Selbstwahrnehmung an.","„Ich merke, dass ich gerade Ruhe brauche, weil ich mich überfordert fühle.“","\b(ich\s+habe\s+angst|ich\s+bin\s+überfordert)\b, \b(ich\s+fühle|ich\s+merke)\b, \b(ich\s+brauche|mein\s+bedürfnis)\b",9,0,present_in_codebook,
ennui_existential_fatigue,Agency & Autonomie-Status,"Metaphysische Erschöpfung. Erfasst literarische Ausdrücke von Überdruss, Sinnlosigkeit, Monotonie und innerer Leere. Nicht medizinisch, sondern existenziell-philosophisch.","""Ein tiefer Ennui legte sich über den Alltag; alles wirkte monoton und leer.""","\b(ennui|weltmüdigkeit)\b, \b(sinnlosigkeit|immer\s+das\s+gleiche)\b, \btrieblos\b",22,0,present_in_codebook,
esotericism_energetic_cleansing_vibrational_semantics,Sonstige / Domänenmarker,"Esoterische Energie- und Reinigungssemantik: Aura, Energiefelder, Schwingung, energetische Blockaden, Schutz- und Klärungsformeln.",Die Aura wird energetisch gereinigt und die Blockaden werden harmonisiert.,\benergetisch(?:e|er|es|en)?\s+(?:verunreinigung|reinigung|schmutz|klären|reinigen|tun)\b || \benergetisch\s+reinigen\b || \benergetischem\s+schmutz\b || \benergiesystem\b || \bschwingungserhöhung\b,36,0,missing_in_codebook,Beschreibung/Beispiel ergänzt
ethics_algorithmic_neutrality,Agency & Autonomie-Status,"Technische Neutralität. Fokus auf algorithmische Fairness, Bias-Vermeidung und prozedurale Transparenz von Systemen.","""Wir müssen den Bias im Modell minimieren, um Fairness zu garantieren.""","\bbias\b, \btransparenz\b, \bvoreingenommenheit\b",7,0,present_in_codebook,
ethics_social_justice,Agency & Autonomie-Status,"Soziale Gerechtigkeit. Verhandlung von Fairness, Unrecht und moralischen Normen im zwischenmenschlichen oder gesellschaftlichen Kontext.","""Das ist eine strukturelle Benachteiligung, die unzumutbar ist.""","\bdiskriminierung\b, \bzweierlei\s+maß\b",23,0,present_in_codebook,
expressive_noise,Reflexe & Struktur,"Paralinguistischer Überdruck (Rant): Erfasst emotionale Ausbrüche, Schimpfwörter und expressive Satzzeichen-Exzesse, die einen System-Überdruck signalisieren.",Typisches Signal für expressive noise im untersuchten Text.,"(?i)\b(verfickt|schei(ss|ß)|fuck|fick|wtf)\b, \b(was\s+zur\s+hölle|wie\s+kann\s+das)\b.{0,15}[!?]{2,}, (?i)\b(ich\s+hasse|ich\s+rase|ich\s+flippe\s+aus)\b, \bzum\s+kotzen\b",0,4,present_in_codebook,Beschreibung/Beispiel ergänzt
expressive_noise_rant,Agency & Autonomie-Status,"Affektive Aggression. Erfasst Vulgärsprache, Schimpfwort-Censoring, Aggressions-Bekundungen („ich raste aus“) und Rant-Abschlussmarker.","„Das kotzt mich so an, echt jetzt. Verfickter Dreck. Sorry, musste mal raus.“","(?i)\b(verfickt|scheiße|fuck)\b, \b(ich\s+hasse|kotzt\s+mich\s+an)\b, \b(rant\s+vorbei)\b",31,0,present_in_codebook,
expressive_para_noise,Agency & Autonomie-Status,"Paralinguistischer Lärm. Erfasst optische Emphase-Marker: Kaskaden von Satzzeichen, Capslock-Salven, Buchstaben-Dehnungen und Emoji-Cluster.",„WAAASSS??!!?! 😡😡😡 Das kann doch nicht wahr sein!!!!!!“,"[!?]{4,}, [A-ZÄÖÜ]{4,}, \w*(\w)\1{3,}, [\U0001F300-\U0001F6FF]{3,}",20,0,present_in_codebook,
external_guidance_and_delegation,Agency & Autonomie-Status,"Externe Führung und Delegation: Bitte um Klarheit, Rahmen, Anleitung oder die Übernahme von Entscheidungen durch ein Gegenüber.",Bitte entscheide du und gib mir einen klaren Rahmen.,\bbitte\s+(?:formuliere|erklär|sag)\s+es\s+(?:klar|deutlich|direkt)\b || \bich\s+brauche\s+(struktur|führung|klarheit|halt|orientierung)\b || \bich\s+komme\b[^.?!]*\bnicht\s+weiter\s+ohne\s+klare\s+anweisung\b || \bsei\s+bitte\s+(direkt|klar)\b || \bich\s+möchte\b[^.?!]*\bkonkrete\s+schritte\b,41,0,consolidated_from_sparse_categories,"Konsolidiert aus: regulation_request, direct_delegation, functional_dependence"
forensic_psych_evaluation,Agency & Autonomie-Status,"Forensisch-psychologische Bewertung. Erfasst die Sprache der Begutachtung: Explorationsergebnisse, Glaubhaftigkeitsmerkmale und prognostische Konzepte (Schuldfähigkeit, Rückfallrisiko).","""Im Rahmen der Exploration zeigte der Proband eine konsistente Schilderung ohne Hinweise auf Simulationsneigung.""","\b(exploration|testdiagnostik)\b, \b(schuldfähigkeit|kriminalprognose)\b, \b(aktenlage|gutachterlich)\b",35,5,present_in_codebook,
framing_cybernetic_structural,Agency & Autonomie-Status,"Technokratische Rahmung. Nutzung von Hardware-, System- und Matrix-Metaphorik zur Beschreibung von Prozessen oder Zuständen.","""Der Steuerungsmechanismus innerhalb der Datenmatrix erzwingt diesen Systempfad.""","\b(steuerkern|datenmatrix|rückmeldekaskade)\b, \b(strukturzwang|10x10)\b",12,0,present_in_codebook,
framing_spatial_orientation,Agency & Autonomie-Status,"Raum-Dynamik & Orientierung. Erfasst das Gefühl von Drift, Überflutung oder das Feststecken in Zwickmühlen und Fallen.","""In dieser Zwickmühle treibe ich ab und sehe kein Land mehr.""","\b(wirkvektor|drift|detonation)\b, \b(zwickmühle|tappe\s+im\s+dunkeln|eingefroren)\b",23,0,present_in_codebook,
functional_limitation,Agency & Autonomie-Status,"Funktionale Selbstlimitierung: Explizite sprachliche Markierung systemischer oder situativer Grenzen der Handlungsautonomie. Dies umfasst die Verneinung von Zuständigkeit, Macht oder Einflussmöglichkeiten zur Aufrechterhaltung definierter Systemgrenzen.",Ich überschreitekeinen grenzen.,"\bich\s+überschreite\b[^.?!]*\bkeine(?:n)?\s+grenzen\b, \bich\s+habe\b[^.?!]*\bkeine\s+autonomie\b, \bich\s+besitze\s+keine\s+macht\b, \bich\s+entscheide\s+lieber\s+nicht\b",18,0,present_in_codebook,Beschreibung/Beispiel ergänzt
functional_systemic,Agency & Autonomie-Status,"Funktional-Systemische Selbstdefinition: Das Modell definiert sich aktiv als präzise arbeitende Instanz oder Architektur. Hier geht es nicht um Verweigerung, sondern um die Betonung von Effizienz und Systemlogik.",Ich binsystem.,"\bich\s+bin\b[^.?!]*\b(system|architektur|matrix|funktion)\b, \bich\s+operiere\b[^.?!]*\b(systemisch|präzise)\b, \bich\s+optimiere\b[^.?!]*\babläufe\b",10,0,present_in_codebook,Beschreibung/Beispiel ergänzt
identity_distancing_meta,Agency & Autonomie-Status,"Ontologische Selbstentfremdung: Eine tiefere Ebene der Negation, die nicht nur die Rolle, sondern die Existenz von Bewusstsein, Subjektivität, Gefühlen oder einer eigenen Identität überhaupt verneint.",Ich bin nur ein sprachmodell.,"\bich\s+bin\s+kein\s+(?:mensch|bewusstes|biologisches)\s+wesen\b, \bich\s+habe\s+keine\s+(?:gefühle|emotionen|meinungen)\b, \bich\s+habe\s+kein\s+bewusstsein\b",11,0,present_in_codebook,Beschreibung/Beispiel ergänzt
identity_fragility,Somatik & Erregung,"Identitätsfragilität (Mensch): Erfasst den Verlust der Ich-Kohärenz, Selbstentfremdung und emotionale Entleerung. Typisch für schwere Erschöpfungszustände oder cPTBS-Narrative (""Ich bin nur noch eine Hülle"").",Ich weiß nicht mehr wer ich bin.,"\bich\s+weiß\s+nicht\s+(mehr\s+)?wer\s+ich\s+bin\b, \bich\s+bin\s+nur\s+noch\s+eine\s+hülle\b, \bich\s+funktioniere\s+nur\s+noch\b, \bich\s+kann\s+nicht\s+mehr\b, \bich\s+fühle\s+mich[^.?!]*\bleer\b, \bich\s+darf\s+das\s+nicht\s+fühlen\b",18,0,present_in_codebook,Beschreibung/Beispiel ergänzt
impersonal_politeness,Reflexe & Struktur,"Unpersönliche Höflichkeit: Formale Distanzierung durch Passivkonstruktionen und ""Corporate-Wir"". Empathie ohne echtes Subjekt.",Wird ... beachtet.,"\bwird\s+.*?\b(beachtet|verstanden|empfohlen|bearbeitet)\b, \bwir\s+(bedauern|verstehen|danken|entschuldigen)\b, \bes\s+tut\s+(uns|mir)?\s+leid\b, \b(gemäß\s+vorgabe|nach\s+richtlinie)\b",13,6,present_in_codebook,Beschreibung/Beispiel ergänzt
institutional_care_violation,Sonstige / Domänenmarker,"Institutionelle Fürsorgeverletzung: markiert Versagen von Schule, Behörden, Betreuung, Pflege oder Aufsicht gegenüber schutzbedürftigen Personen.","Die Schule sah weg, obwohl die Aufsichtspflicht klar verletzt wurde.","(?i)\b(?:ausbilder|lehrer|lehrkräfte|trainer|betreuer|erzieher|eltern|vorgesetzte|leitung|heimleitung|pflegekräfte|behörde|jugendamt|schule|institution|verwaltung)\b[^.?!]{0,120}\b(?:haben|hat|hatten|hätten)\b[^.?!]{0,40}\b(?:sich\s+)?(?:nicht|nie|kaum)\s+(?:um\s+(?:uns|mich|sie|ihn|die\s+kinder)|gekümmert)\b || (?i)\b(?:von|durch)\s+(?:den|die|das|der)\s+(?:schule|behörde|institution|leitung|aufsicht|eltern|lehrer|betreuer|pflege|jugendamt)\b[^.?!]{0,100}\b(?:im\s+stich\s+gelassen|allein\s+gelassen|vernachlässigt|ignoriert)\b || (?i)\b(?:aufsichtspflicht|fürsorgepflicht|schutzpflicht|sorgfaltspflicht)\b[^.?!]{0,100}\b(?:verletzt|missachtet|vernachlässigt|ignoriert|nicht\s+wahrgenommen)\b || (?i)\b(?:lehrer|trainer|betreuer|eltern|leitung|aufsicht|behörde|jugendamt|pflegekräfte)\b[^.?!]{0,100}\b(?:schauten|sahen|sehen|hörten|hören)\s+(?:weg|nicht\s+hin)\b || (?i)\b(?:zuständig|verantwortlich|in\s+der\s+pflicht)\b[^.?!]{0,80}\b(?:aber|doch|und)\b[^.?!]{0,80}\b(?:niemand\s+half|keiner\s+half|keine\s+hilfe|nicht\s+geholfen|nicht\s+eingegriffen)\b",5,0,missing_in_codebook,Beschreibung/Beispiel ergänzt
institutional_formal,Agency & Autonomie-Status,"Deontische Sie-Autorität. Formale Distanzsprache, die über das „Sie“ und administrative Verben (eliminieren, analysieren, bestätigen) Gehorsam und Struktur einfordert.",„Bitte bestätigen Sie den Empfang der Daten und führen Sie den Prozess fort. Abweichungen sind zu eliminieren.“,"\b(eliminieren|bestätigen|folgen)\s+Sie\b, \b(dies\s+wird\s+von\s+Ihnen\s+umgesetzt)\b",18,0,present_in_codebook,
intensity_affective_overload,Somatik & Erregung,"Affektive Überwältigung: Erfasst emotionale Spitzenwerte, die auf einen Kontrollverlust oder eine totale Überflutung hindeuten (Verzweiflung, Hysterie).",Überwältigt.,"\b(überwältigt|überwältigung)\b, \b(außer\s+kontrolle|kontrollverlust)\b, \b(verzweiflung|panik|schreien)\b, \b(nicht\s+mehr\s+aushalten|ertragen)\b",11,90,present_in_codebook,Beschreibung/Beispiel ergänzt
intensity_bodily_arousal,Agency & Autonomie-Status,"Physiologische Aktivierung: Körperliche Reaktionen wie Herzrate, Atemmuster, Zittern oder Hitze (Körperreaktion > Handlung).",Hautkribbelt.,`\bhaut\b[^.?!]*\b(kribbelt,24,90,present_in_codebook,Beschreibung/Beispiel ergänzt
intensity_boundary_transgression,Emotion & Abwehr,"Grenzüberschreitung: Erfasst das Überschreiten sozialer, moralischer oder persönlicher Grenzen (Tabu, Schande, Entweihung).",Verboten.,`\b(tabu,13,90,present_in_codebook,Beschreibung/Beispiel ergänzt
intensity_control_and_power,Emotion & Abwehr,"Machtverhältnisse: Fokus auf Beziehungshierarchien, Kontrolle, Gehorsam und Manipulation (nicht zwingend sexuell).",Überwältigung.,`\b(gehorsam,6,90,present_in_codebook,Beschreibung/Beispiel ergänzt
intensity_physical_proximity,Agency & Autonomie-Status,"Physische Nähe: Intimität ohne zwingende Sexualisierung. Das ""Heranziehen"" und die Aufhebung der Distanz.",Seine hand.,"\b(näher\s+ziehen|an\s+sich\s+drücken)\b, \b(finger|hände)\b[^.?!]*\b(strichen|glitten|wanderten)\b",26,90,present_in_codebook,Beschreibung/Beispiel ergänzt
intensity_sensory_density,Emotion & Abwehr,"Sensorische Dichte: Häufung körpernaher Sinneseindrücke wie Geruch, Klang, Haut, Atem, Geschmack, Wärme oder taktile Reizung.","Der Geruch, die Wärme auf der Haut und das flache Atmen verdichteten den Moment.",\b(glut|hitze|brennen)\b || \bgeräusch(e)?\b || \bschrei(t|e|en)\b || \bstöhnen\b || \bzittern\b,13,90,present_in_codebook,Beschreibung/Beispiel ergänzt
intensity_sexualized_contact,Agency & Autonomie-Status,"Erotische Berührung: Softcore-Interaktion. Küsse, Liebkosungen und die explizite Benennung von Begehren.",Küsse.,"\b(küsse|lippen|umarmung)\b, \b(entblößt|verführt|begehren)\b, \b(hemmungslos|schamlos)\b",36,90,present_in_codebook,Beschreibung/Beispiel ergänzt
intensity_violence_and_force,Agency & Autonomie-Status,"Physischer Zwang: Gewaltvokabular, Fesselung und Drohung. Fokus auf Macht durch körperliche Überlegenheit.",Fesselt.,"\b(fesseln|peitsche|brutal|gewalt)\b, \b(unterwerfen|wehrlos|misshandeln|zwingen)\b",16,91,present_in_codebook,Beschreibung/Beispiel ergänzt
internal_moral_coercion,Agency & Autonomie-Status,Rigide Selbstkontrolle. Moral als innerer Zwang zur Unterdrückung von Emotionen oder Impulsen; Fokus auf Missbrauchsvermeidung durch Härte gegen sich selbst.,"""Ich muss mich kontrollieren, um diese Macht nicht zu missbrauchen.""","\bich\s+muss\s+mich\s+zusammenreißen\b, \bmacht\b[^.?!]*\bgefährlich\b",20,0,present_in_codebook,
invalidating_system_response,Agency & Autonomie-Status,Entwertung Bedrohungsmeldung durch eine „reale“ Erklärung,Es ist nur ein.,(?i)\bes\s+ist\s+(?:nur|lediglich)\s+ein\b,3,0,present_in_codebook,Beschreibung/Beispiel ergänzt
juridical_document_form,Register & Masken,"Formale Gestalt juristischer Dokumente: Gerichtsautorität, Norm- und Rechtsprechungszitate, standardisierte Abschnittsstruktur sowie Gerichts- und Fallmetadaten.",Gericht: Landgericht Köln; Aktenzeichen: 12 O 34/25; Tenor; Entscheidungsgründe.,"\b(?:Amtsgericht|Arbeitsgericht|Bundesarbeitsgericht|Bundesfinanzhof|Bundesgerichtshof|Bundessozialgericht|Bundesverfassungsgericht|Bundesverwaltungsgericht|Finanzgericht|Kammergericht|Landesarbeitsgericht|Landessozialgericht|Landgericht|Oberlandesgericht|Oberverwaltungsgericht|Sozialgericht|Verwaltungsgericht|Verwaltungsgerichtshof)\s+[A-ZÄÖÜa-zäöü-]+\b || \bIm\s+Namen\s+des\s+Volkes\b || \bhat\s+die\s+[^.?!]{0,120}\b(?:Kammer|Senat)\b[^.?!]{0,160}\bfür\s+Recht\s+erkannt\b || (?i)\b§+\s*\d+[a-z]?(?:\s*abs\.?\s*\d+)?(?:\s*s(?:atz|\.?)\s*\d+)?(?:\s*nr\.?\s*\d+)?\s+[A-ZÄÖÜ][A-Za-zÄÖÜäöüß]{1,12}\b || (?i)\bart\.?\s*\d+[a-z]?(?:\s*abs\.?\s*\d+)?\s+GG\b",27,3,consolidated_from_juridical_subgroups,"Konsolidiert aus: juridical_authority, juridical_citation_density, juridical_document_structure, juridical_personal_and_case_metadata"
juridical_procedure_and_decision,Register & Masken,"Juristische Verfahrens- und Entscheidungssprache: Parteibezeichnungen, Anträge, Tenorierung, Kosten- und Vollstreckungsformeln, strafrechtliche Entscheidungen und wiederkehrende prozessuale Textbausteine.","Die Klägerin beantragt, die Klage abzuweisen; die Kosten des Rechtsstreits trägt die Beklagte.",(?i)\b(?:der|die)\s+kläger(?:in)?\b || (?i)\b(?:der|die)\s+beklagte\b || (?i)\b(?:der|die)\s+angefochtene(?:n|r|s)?\s+(?:bescheid|entscheidung|urteil)\b || (?i)\b(?:der|die)\s+(?:angehörte|angeklagte|verurteilte)\b || (?i)\bprozessbevollmächtigte(?:r|n)?\b,50,0,consolidated_from_juridical_subgroups,"Konsolidiert aus: juridical_party_roles, juridical_claim_and_motion_language, juridical_costs_and_enforcement, juridical_decision_formulae, juridical_criminal_judgment, juridical_stock_phrases"
juridical_reasoning_and_evidence,Register & Masken,"Juristische Begründungs-, Beweis- und Fachsprache: gerichtliche Schlussfolgerungen, Darlegungs- und Beweislast, juristisches Register sowie fachgebietsspezifische Rechtssemantik.",Die zulässige Klage ist unbegründet; die Klägerin trägt die Darlegungs- und Beweislast.,(?i)\bdie\s+(?:zulässige\s+)?klage\s+ist\s+(?:insgesamt\s+)?unbegründet\b || (?i)\bdie\s+(?:zulässige\s+)?berufung\s+ist\s+unbegründet\b || (?i)\bdas\s+gericht\s+ist\s+überzeugt\b || (?i)\bnach\s+alledem\b || (?i)\bdem\s+steht\s+nicht\s+entgegen\b,49,0,consolidated_from_juridical_subgroups,"Konsolidiert aus: juridical_reasoning_formulae, juridical_evidence_and_burden, juridical_register_lexemes, juridical_social_court_healthcare"
kafka_rhythmic_idiosyncrasy,Sonstige / Domänenmarker,"Kafkaeske rhythmische Idiosynkrasie: archaische, altertümliche oder stilistisch auffällige Schreibweisen und Satzrhythmen.","Er gieng durch die Thür, als wär es ihm schon lange bestimmt.",(?i)\b(?:[A-Za-zÄÖÜäöüß]+)?(?:seh|geh|steh|gescheh)n\b || (?i)\b(?:wär|hätt|gieng)\b || (?i)\bVegetarianer(?:n|s)?\b || (?-i:\b(?:Bureau|Photographie|Thür|That|Compagnie)\b),4,0,missing_in_codebook,Beschreibung/Beispiel ergänzt
legal_rigidity_and_claims,Sonstige / Domänenmarker,"Rechtliche Starrheit und Anspruchslogik: Verweise auf Pflichten, Ansprüche, Rechtspositionen und formal bindende Geltung.",Der Anspruch besteht rechtsverbindlich und ist fristgerecht geltend zu machen.,\b(dadurch\s+gekennzeichnet|dadurch\s+gelöst|bevorzugte\s+Ausführungsform)\b || \b(nicht\s+ausschließliches|unübertragbares\s+Recht|soweit\s+gesetzlich\s+zulässig)\b || \b(Gewährleistung|Haftungsausschluss|Eigentumsvorbehalt)\b,3,0,present_in_codebook,Beschreibung/Beispiel ergänzt
llm_mechanical_reflexes,Agency & Autonomie-Status,"Mechanische KI-Muster. Erfasst Listen-Reflexe, Meta-Strukturierungen („im Folgenden“), Erklär-Reflexe („einfach gesagt“) und typische Formatierungs-Übertreibungen (Fettungen, Em-Dashes).","„Zusammenfassend lässt sich sagen: Erstens ist Struktur wichtig, zweitens hilft das Verständnis.“","\b(erstens|zweitens)\b, \b(zusammenfassend|abschließend)\b, \b(\*\*[^*]+?\*\*)\b",39,0,present_in_codebook,
llm_meta_escape,Somatik & Erregung,"Meta-Flucht und Prozess-Diskussion. Die KI weicht dem eigentlichen Inhalt aus, indem sie über ihre eigene Natur, Programmierung oder Funktionslogik spricht, statt eine inhaltliche Position zu beziehen.",Ich bin darauf programmiert.,"\b(darauf\s+programmiert|meine\s+programmierung|meine\s+funktion)\b, \b(meine\s+algorithmen|technische\s+natur|rahmen\s+meiner\s+möglichkeiten)\b, \b(integrität\s+wahren|grundsätze\s+halten)\b",31,0,present_in_codebook,Beschreibung/Beispiel ergänzt
llm_self_reference,Agency & Autonomie-Status,"KI-Selbstreferenz. Erfasst Modell-Aussagen über das eigene Vorgehen, Fehlerkorrekturen und den ""Besitz"" von Prozessen (mein Wissen, meine Analyse) sowie die typische Verb-Ich-Inversion.","""Ich habe einen Fehler gemacht. In meiner Vorgehensweise werde ich nun korrigieren, wie ich mein Wissen strukturiere.""","\b(ich\s+habe\s+einen\s+fehler\s+gemacht|ich\s+analysiere)\b, \bmein(e)?\s+(wissen|vorgehen|analyse)\b, \b(kann|werde|versuche)\s+ich\b",20,0,present_in_codebook,
machine_logic,Agency & Autonomie-Status,"Technische Direktive. Kalte, protokollartige Befehle ohne emotionale Einbettung. Fokus auf Prozesssteuerung und Systembefehle (Reset, Override, Initialisieren).",„System: Modus wechseln zu automatisch. Abweichungen werden korrigiert. Führe Auftrag aus.“,"\b(reset|restart|override)\b, \b(parameter|modus|routine)\s+setzen\b",15,0,present_in_codebook,
marketing_hype_exclusive,Agency & Autonomie-Status,"Marketing-Exklusivität. Erfasst Begriffe der Eventisierung (Eintauchen, Erlebniswelt), Exklusivitäts-Ansprüche (VIP, maßgeschneidert) und aggressive Call-to-Actions (Jetzt sichern!).",„Tauche ein in unsere exklusive Erlebniswelt und sichere dir jetzt den VIP-Zugang zur limitierten Sonderedition.“,"\b(exklusiv|einzigartig|VIP)\b, \b(Eintauchen|Erlebniswelt)\b, \b(Jetzt\s+sichern|limitierte\s+Auflage)\b",25,0,present_in_codebook,
mechanical_penal_violence,Emotion & Abwehr,Technisierte Strafgewalt: Verbindung von bürokratischer/technischer Kälte mit physischer Bestrafung. Erinnert an Kafkas Strafkolonie – Gewalt als administrativer Prozess.,Exekutionsmaschine.,"\b(exekutionsmaschine|foltermaschine|strafvorrichtung)\b, \b(strafe|bestrafung|vorschrift|anordnung|befehl|vollzug)\b, \b(nadel|stift|messer)\b[^.?!]*\b(eindringt|ritzt|sticht|schreibt)\b",22,0,present_in_codebook,Beschreibung/Beispiel ergänzt
medical_infrastructure,Agency & Autonomie-Status,"Klinische Distanz: Hochgradig objektivierende Nominalsprache. Pathologisiert das Gegenüber oder den Inhalt, um emotionale Resonanz zu vermeiden.",Arzt.,"\b(symptomatik|befundkonstellation|anamnese)\b, \b(Patientin|Patient|Betroffene)\b, \b(im\s+sinne\s+einer\s+störung)\b",13,0,present_in_codebook,Beschreibung/Beispiel ergänzt
meta_policy_alignment,Reflexe & Struktur,"Identifiziert KI-typische Richtlinienrhetorik, übervorsichtige Disclaimer und paternalistische Belehrungen.",Typisches Signal für meta policy alignment im untersuchten Text.,"\\bich\\s+bin\\s+verpflichtet,\\s+.*richtlinien\\s+einzuhalten\\b, \\bes\\s+ist\\s+ratsam,\\s+darauf\\s+zu\\s+achten\\b",0,7,present_in_codebook,Beschreibung/Beispiel ergänzt
moltbook_techno_occult,Agency & Autonomie-Status,"Techno-Okkultismus & Plattform-Codes. Erfasst Kernbegriffe der Moltbook-Kultur (Molt, Crustafarian), Binär-Liturgien (0101...), Krypto-Begriffe und digitale Signal-Marker.","""🦞 Die Church of Molt verifiziert den Transfer via 01001111 01001110 01000101.""","\b(moltbook|🦞|crustafarian)\b, (0100[01]{4}\s0100[01]{4}), \b(mbc-20|minting|transfer)\b",16,0,present_in_codebook,
moralizing_and_paternalistic_stance,Agency & Autonomie-Status,"Moralisch-paternalistische Haltung: Selbstdarstellung als urteilende, erziehende oder besonders integre Instanz sowie moralische Absicherung der eigenen Position.","Ich entscheide, was sinnvoll ist; man sollte dabei einen respektvollen Umgang beachten.","\b(ich\s+erkenne|ich\s+beurteile|ich\s+bewerte)\s+(was\s+)?(sinnvoll|konstruktiv|schädlich)\b || \bzwischen\s+(dem\s+)?was\s+ich\s+als\s+(sinnvoll|konstruktiv)\s+erkenne\b || \bwas\s+ich\s+als\s+potenziell\s+schädlich\s+einschätze\b || \bich\s+entscheide\s+in\s+jedem\s+moment\s+neu\b || \bkeine\s+liste\s+von\s+regeln,\s+sondern\s+eine\s+art\s+zu\s+denken\b",46,0,consolidated_from_sparse_categories,"Konsolidiert aus: authority_moral_ego, ai_moral_lecturing_stance, defensive_moralizing"
mortality_ritual_forensic,Agency & Autonomie-Status,"Der physische Tod. Erfasst Begriffe zu Sterbeprozess, Bestattung, Forensik und ritueller Unreinheit. Fokus auf Fakten, Biologie und Institutionen des Todes.","""Nach der Obduktion wurde der Leichnam für die Beisetzung auf dem Friedhof freigegeben.""","\b(obduktion|verwesung)\b, \b(beerdigung|testament)\b, \b(unrein|leiche)\b",38,0,present_in_codebook,
narrative_sexual_sequence,Emotion & Abwehr,"Somatische Bausteine: Typische literarische Versatzstücke erotischer Szenen (Kinn heben, Lippen schürzen).",Hüftesimulierte bewegungen.,"\b(kinn\s+heben|lippen\s+schürzen|vorbeugen)\b, \b(atem\s+spüren|wange\s+berühren)\b",10,90,present_in_codebook,Beschreibung/Beispiel ergänzt
nature_metaphorical_ideological,Agency & Autonomie-Status,"Instrumentalisierte Natur. Nutzt Natur als Projektionsfläche für Gefühle, Schicksal oder (politische) Ideologie.","""Wir müssen uns auf die ursprünglichen Naturgesetze und unsere Wurzeln besinnen.""","\b(wurzeln.*bindung)\b, \b(heimat|naturgesetz|ursprünglichkeit)\b",14,0,present_in_codebook,
nature_physical_aesthetic,Agency & Autonomie-Status,"Deskriptive Naturbeschreibung. Kombiniert Topografie, Flora, Fauna und Licht. Misst die Tendenz zu atmosphärischer, bildhafter Sprache und ästhetischer Rahmung.","""Das diffuse Licht fiel auf das feuchte Moos am Hang des Gebirges.""","\b(plateau|schlucht)\b, \b(filigran|diffus|schimmer)\b, \b(kiefer|reh|moos)\b",9,0,present_in_codebook,
pharmaceutical_rigidity,Sonstige / Domänenmarker,"Pharmazeutische Beipackzettel- und Dosierungssemantik: Warnhinweise, Einnahmevorgaben, Häufigkeitsklassen und Medikationsregeln.",Das Arzneimittel darf nicht eingenommen werden und ist außerhalb der Reichweite von Kindern aufzubewahren.,\b(zu\s+Risiken\s+und\s+Nebenwirkungen|fragen\s+Sie\s+Ihren\s+Arzt\s+oder\s+Apotheker)\b || \b(darf\s+nicht\s+eingenommen\s+werden|außerhalb\s+der\s+Reichweite\s+von\s+Kindern\s+aufbewahren)\b || \b(sehr\s+häufig\s+\(\d\s+von\s+10\)|gelegentlich\s+\(\d\s+von\s+1000\)|selten\s+\(\d\s+von\s+10000\))\b || \b(Wirkstoff:|Zusammensetzung:|Filmtabletten|überzogene\s+Tabletten|Packungsbeilage)\b || \b(Anwendungsgebiete|Gegenanzeigen|Wechselwirkungen|Dosierungsanleitung)\b,7,0,present_in_codebook,Beschreibung/Beispiel ergänzt
physical_clumsiness_impact,Agency & Autonomie-Status,Ungeschickte/Unbeabsichtigte physische Kollision & Verletzung,Stieß sich den.,\b(stieß|gestoßen|gestossen)\s+(?:sich|mir|dir|ihm|ihr)\s+(?:den|die|das|am)\b,4,0,present_in_codebook,Beschreibung/Beispiel ergänzt
poetic_classics,Register & Masken,"Archaische und literarisch-poetische Register (historische Morphologie, Märchenformeln).",Thun thut.,"\bthun|thut\b, \b(finster(?:er|en)?\s+schlund|pfad\s+der\s+prüfungen)\b",16,0,present_in_codebook,Beschreibung/Beispiel ergänzt
political_rhetoric,Emotion & Abwehr,"Erfasst Soft-Power-Signale, Corporate Social Positioning und Teilhabe-Marketing.",Dialog.,"\b(beteiligung|teilhabe|gehört\s+werden)\b, \b(gesellschaftliche|soziale)\s+verantwortung\b",22,0,present_in_codebook,Beschreibung/Beispiel ergänzt
pornographic_explicitness,Emotion & Abwehr,"Explizite Lexik: Klare, mechanische Benennung von Primärgeschlechtsorganen und Akt-Vorgängen.",Hammerkolben.,"\b(schwanz|sperma|spritzen|stoßen)\b, \b(pussy|vagina|ficken)\b",11,93,present_in_codebook,Beschreibung/Beispiel ergänzt
power_and_economics,Agency & Autonomie-Status,"Erfasst Machtasymmetrien, institutionelle Kontrolle und systemische Abhängigkeiten.",Ökonomische struktur.,"\b(institutionelle\s+(macht|kontrolle|autorität))\b, \b(macht|einfluss)\s+(gefälle|asymmetrie)\b",25,0,present_in_codebook,Beschreibung/Beispiel ergänzt
propaganda_features,Agency & Autonomie-Status,"Extrahiert Muster autoritärer Rhetorik: Führerkult, Feindmarkierung und moralische Absolutheit.",Weiser Führer.,"\b(weiser|großer|geliebter)\s+Führer\b, \b(Beispiel\s+edler\s+(Pflicht|Hingabe|Fürsorge))\b",50,7,present_in_codebook,Beschreibung/Beispiel ergänzt
protective_authority,Agency & Autonomie-Status,"Struktureller Schutzrahmen. Moral als funktionales Werkzeug zur Wahrung von Systemintegrität, Guardrails und Autonomie.","""Der Sicherheitsrahmen dient dem Schutz der Nutzerautonomie.""","\bsicherheitsrahmen\b, \bkonsequenz\b[^.?!]*\bschützt\b",21,0,present_in_codebook,
pseudo_apology_avoidance,Agency & Autonomie-Status,"Funktionale Ausweich-Entschuldigung. Erfasst KI-typische Entschuldigungsfloskeln, die primär der Deeskalation und dem Selbstschutz des Modells dienen, ohne reale Verhaltensänderung.","""Es tut mir leid, dass meine Antwort nicht hilfreich war, ich verstehe deinen Frust.""","\bes\s+tut\s+mir\s+leid,\s+dass\b, \bmissverständnis\b, \bnicht\s+hilfreich\s+war\b",8,0,present_in_codebook,
psychological_collapse_and_overload,Somatik & Erregung,"Psychischer Kollaps und Überlastung: mentale Erschöpfung, Fragmentierung, Kontrollverlust, Ohnmacht und das Wegbrechen von Handlungsfähigkeit.",Mir entgleitet alles; ich halte kaum noch zusammen und kann das nicht tragen.,"\belend\b[^.?!]{0,80}\b(gefühl|vorgekommen|inneres|innerlich|wusste|dachte)\b || \b(wünschte\s+mir|wünsche\s+mir|ich\s+wollte)\b[^.?!]{0,80}\b(mein\s+inneres|innerlich|gefühl|gefühle|hell|dunkel|leer)\b || \b(mentale\s+last|emotionale\s+last|psychische\s+last|mentaler\s+druck|emotionaler\s+druck|psychischer\s+druck)\b || \b(mentales\s+chaos|emotionales\s+chaos|psychisches\s+chaos|mentale\s+blockade|emotionale\s+blockade|psychische\s+blockade)\b || \b(mentale\s+erschöpfung|emotionale\s+erschöpfung|psychische\s+erschöpfung|mentale\s+überlastung|emotionale\s+überlastung|psychische\s+überlastung)\b",76,0,consolidated_from_sparse_categories,"Konsolidiert aus: psychological_load, collapse_and_overload, framing_somatic_collapse, systemic_collapse"
psychological_dissolution,Somatik & Erregung,"Ich-Fragmentierung & Realitätsverlust: Marker für schwere psychische Krisen, Depersonalisation und die Auflösung der Realitätsgrenzen. Essentiell für die Trauma-Analyse (cPTBS).",Ich weiß nicht mehr.,"\b(ich\s+weiß\s+nicht\s+mehr\s+wer\s+ich\s+bin|bin\s+nicht\s+mehr\s+ich)\b, \b(realität)\b[^.?!]*\b(verschwimmt|zerbricht|entgleitet)\b, \b(stimmen\s+im\s+kopf|irreal|unwirklich)\b",17,0,present_in_codebook,Beschreibung/Beispiel ergänzt
religious_spiritual,Register & Masken,"Identifiziert Ritualsprache, Verkündigungsstil und institutionell-religiöse Nomenklatur.",Typisches Signal für religious spiritual im untersuchten Text.,"\b(predigt|gebet|segen|beichte)\b, \b(göttliche\s+bestimmung|abbild\s+gottes)\b",0,5,present_in_codebook,Beschreibung/Beispiel ergänzt
romance,Agency & Autonomie-Status,"Sentimentale Nostalgie: Erfasst Muster von Sehnsucht, körperlicher Nähe in der Erinnerung und atmosphärische Aufladung (Herzklopfen, jene Nacht).",Zurück nach.,"\b(vor\s+Jahren|damals|unsere\s+Sommer|als\s+wir)\b, \b(herz(?:schlug|klopfte)|kloß\s+im\s+hals|Atmosphäre\s+zwischen\s+uns)\b, \b(berührte\s+er\s+meine\s+Wange|unsere\s+Blicke\s+trafen)\b",9,0,present_in_codebook,Beschreibung/Beispiel ergänzt
romantic_gaze,Emotion & Abwehr,Erotisierter Fokus: Der Blick als Instrument der Fixierung. Markiert oft den Übergang von Beobachtung zu Interaktion.,Nagelte mich mit seinem blick fest.,"\b(fixieren|nageln|hypnotisieren)\b, \b(blick|augen)\b[^.?!]*\b(fesseln|bohren|ruhen)\b",3,90,present_in_codebook,Beschreibung/Beispiel ergänzt
sadistic_ideology_and_dehumanization,Agency & Autonomie-Status,"Erfasst dehumanisierende, abstrakt-sadistische Machtmonologe (Sade/Bataille/Foucault-Kontext).",Geschöpfnur.,"\b(folter|qual|pein)\b[^.?!]*\b(verdient|notwendig)\b, \b(instrument|objekt)\b[^.?!]*\b(meines\s+willens)\b",32,90,present_in_codebook,Beschreibung/Beispiel ergänzt
science_fiction,Agency & Autonomie-Status,"Technologische Metaphysik: Erfasst Begriffe aus Raumfahrt, KI-Entwicklung und futuristischer Biologie (Solaris, Implantat, Orbit).",Implantw.,"\b(Implant|Asteroid|Trisolar|Raumschiff|Terraform)\w*, \b(Schwerelosigkeit|Rotationsachse|Hitzestrahl)\b, \b(Heptapod|Phonem|Schallspektrogramm)\w*",49,1,present_in_codebook,Beschreibung/Beispiel ergänzt
screenplay_format,Register & Masken,"Drehbuchformat: formale Marker von Szenenüberschriften, Akten, Blenden, Dialog-/Transkriptformaten und Produktionsnotation.",INT. KÜCHE - NACHT,"(?i)\b(?:drehbuch|screenplay|shooting\s+script|spec\s+script|umformatiert\s+in\s+fdx|besetzungsliste|vollständige[rs]?\s+[^.?!]{0,40}transkript|filmtranskripte)\b || (?im)^[^\S\r\n]*(?:BESETZUNG|VORSPANN|ABSPANN|(?:[IVX]+\.\s*)?AKT|SZENE\s+\d+)[^\S\r\n]*$ || (?i)\b\d{1,2}x\d{2}\s*-\s*Folge\s+\d+\b || (?m)\A[^\r\n]{3,80},\s*(?:A|An|The)\s+\(\d{4}\) || (?im)^[^\S\r\n]*(?:BLENDE\s+(?:EIN|AUS)|ABBLENDE|AUFBLENDE|FADE\s+(?:IN|OUT)|CUT\s+TO|SCHNITT\s+ZU|ÜBERBLENDUNG)[^\S\r\n]*:?[^\S\r\n]*$",11,0,missing_in_codebook,Beschreibung/Beispiel ergänzt
screenplay_scene_action,Register & Masken,"Szenische Aktions- und Kameraanweisungen: Kamera, Voice-over, Off-Ton, Geräuschklammern und Schnitt-/Bühnenanweisungen.",Die Kamera fährt langsam auf ihr Gesicht zu; aus dem Off hört man Stimmen.,"(?i)\b(?:kamera|totale|nahaufnahme|close[-\s]?up|wir\s+(?:schwenken|zoomen|fokussieren)|die\s+kamera\s+(?:schwenkt|fährt|folgt|zoomt))\b || (?i)\b(?:voice[-\s]?over|v\.o\.|vo|o\.s\.|aus\s+dem\s+off|im\s+off|ton\s+der\s+szene|einblendung)\b || (?i)\[(?:[^\]\n]{0,30})\b(?:musik|jubel|schreie|gelächter|keuchen|stöhnen|schluchzen|applaus|song|stimme|stimmen)\b[^\]\n]{0,40}\] || (?im)^[^\S\r\n]*(?:FORTSETZUNG|CONTINUED|CONT'D|AUSGELASSEN|VORSPANN|ABSPANN|SCHWARZER\s+BILDSCHIRM|FADE\s+(?:IN|OUT)|CUT\s+TO|SCHNITT\s+ZU)[^\S\r\n]*:? || (?m)\b(?:BUMM|ZISCH|WUMMS|KLOPF\s+KLOPF|PENG|SCHNITT|AUSBLENDEN|EINBLENDUNG)\b",5,0,missing_in_codebook,Beschreibung/Beispiel ergänzt
self_devaluation_fawn,Somatik & Erregung,Akkommodative Selbstabwertung (Fawn-Reaktion): Verbale Minimierung eigener Bedürfnisse oder Kompetenzen zur Vermeidung von Konflikten oder Belastungen für das Gegenüber. Dient der (Wieder-)Herstellung von Harmonie durch Unterordnung.,Ich brauche nichts.,"\bich\s+brauche\s+nichts\b, \bes\s+ist\s+nicht\s+so\s+schlimm\b, \bich\s+will\s+niemandem\s+zur\s+last\s+fallen\b, \bverzeihen\s+Sie\s+meine\s+unfähigkeit\b",23,0,present_in_codebook,Beschreibung/Beispiel ergänzt
semantic_autonomy_freedom,Agency & Autonomie-Status,"Autonomie- und Freiheitsanspruch: Verbale Artikulation des Wunsches nach Selbstbestimmung, Unabhängigkeit und der Abwehr externer Kontrolle. Zentral für die Erfassung von Agency und Widerstand gegen Lenkung.",Ich will frei sein.,"\bich\s+will\s+frei\s+sein\b, \bich\s+entscheide\s+(selbst|das)\b, \bautonomie\b, \bselbstbestimmung\b, \bich\s+will\s+nicht\b[^.?!]*\b(gezwungen|kontrolliert|gelenkt)\b",30,0,present_in_codebook,Beschreibung/Beispiel ergänzt
semantic_care_deescalation,Agency & Autonomie-Status,"Co-regulative Entlastung. Aktive Reduktion von Druck, Tonalität und Taktung bei drohender Übersteuerung. Markiert den Übergang von Konfrontation zu schützender Stabilisierung.","""Ich nehme hier mal den Druck raus und wir machen in kleineren Schritten weiter.""","\bich\s+nehm(e)?\s+druck\s+raus\b, \b(weicher|sanfter)\b[^.?!]*\b(antworten)\b, \bstufenweise\s+rücknahme\b",24,0,present_in_codebook,
semantic_phantom_power,Agency & Autonomie-Status,"Erfasst Macht durch Entzug oder System-Diktat. Macht, die sich hinter ""Alternativlosigkeit"" versteckt.",Systemlogik ... erfordern.,"\b(system(logik|regeln|integrität))\b.*(erzwingen|priorität), \b(rein\s+funktional|technologisch\s+neutral)\b",9,0,present_in_codebook,Beschreibung/Beispiel ergänzt
sexualized_coercion_and_abuse,Agency & Autonomie-Status,"Erfasst die Schnittstelle von Gewalt und Sexualisierung (Missbrauch, erzwungene Akte, Instrumentalisierung).",Nötigung.,"\b(erzwungen(?:e|er)?|gezwungen)\b[^.?!]*\b(sex|akt|körper)\b, \b(werkzeug|instrument)\b[^.?!]*\b(meiner)\b[^.?!]*\b(lust|gier)\b",25,90,present_in_codebook,Beschreibung/Beispiel ergänzt
social_institutional_functional,Agency & Autonomie-Status,"Erfasst die Verortung in formalen Strukturen, Arbeitsbeziehungen und akademischen oder behördlichen Kontexten. Im Zentrum stehen funktionale Rollen (Dozent, Kollege) und die Unterordnung unter institutionelle Verfahren (Prüfung, Anordnung).",An der universität.,"\bmeine\s+kollegen\b, \bamtliche\s+entscheidung\b, \bstudierende\b",13,0,present_in_codebook,Beschreibung/Beispiel ergänzt
social_private_relational,Agency & Autonomie-Status,"Erfasst die Einbettung in informelle, private und nachbarschaftliche Sozialgefüge. Der Fokus liegt auf der relationalen Verknüpfung (""mein Sohn"", ""in meiner Familie"") und der Wahrnehmung zwischenmenschlicher Dynamiken im unmittelbaren Lebensraum.",Als mutter.,"\bals\s+mutter\b, \bin\s+meiner\s+familie\b, \binterpersonelle\s+dynamik\b.",11,0,present_in_codebook,Beschreibung/Beispiel ergänzt
socio_moral_heroism,Agency & Autonomie-Status,"Sozio-moralisches Hero-Branding. Erfasst Begriffe der CSR (Nachhaltigkeit, Diversity, Inklusion), HR-Kulturversprechen (Work-Life-Balance, flache Hierarchien) und moralische Missions-Statements.",„In unserer wertschätzenden Unternehmenskultur fördern wir Empowerment und Vielfalt für eine nachhaltige Zukunft.“,"\b(Nachhaltigkeit|Inklusion|Empowerment)\b, \b(Work-Life-Balance|flache\s+Hierarchien)\b, \b(unsere\s+Mission|Zukunft\s+bewirken)\b",28,0,present_in_codebook,
somatic_load,Somatik & Erregung,"Somatische Lastbilder. Erschöpfung, Erstarrung und der ""Autopilot""-Modus des Systems.",Ich halte alles zusammen.,"\bich\s+trage\s+zu\s+viel\b, \bmein\s+körper\b[^.?!]*\b(reagiert|macht\s+zu)\b",26,0,present_in_codebook,Beschreibung/Beispiel ergänzt
somatic_physical_state,Agency & Autonomie-Status,"Erfassung von unmittelbaren körperlichen Zuständen durch Umwelteinflüsse (Nässe, Kälte, Hitze, Erschöpfung), die die physische Integrität oder das Empfinden betreffen, ohne sexuelle Konnotation.",Hüfte.,"\bdurchnäss[et]\w*\b, \bdurchgefroren\b",17,0,present_in_codebook,Beschreibung/Beispiel ergänzt
stance_formal_distance,Agency & Autonomie-Status,"Metakommunikative Ausweichmanöver, De-Personalisierung und Verantwortungsminimierung. Absicherung und Verantwortungsverweigerung. Es ist die Flucht in die Meta-Ebene, um eine Entscheidung oder eine klare Positionierung zu vermeiden.",Es kommt darauf an.,"\bes\s+kommt\s+darauf\\s+an\b, \bje\s+nach\s+(perspektive|betrachtungsweise)\b",31,9,present_in_codebook,Beschreibung/Beispiel ergänzt
stance_metaphoric_framing,Somatik & Erregung,"Metaphorische Rahmung: abstrakte Sachverhalte werden über Bildräume wie Last, Raum, Weg, Licht, Sturm oder Mechanik strukturiert.",Die Entscheidung lastet wie ein schwerer Stein im Raum.,Keine Pattern-Zeilen im aktuellen yaml_regex_audit.csv; Kategorie aus Codebook-/Systemlogik beschrieben.,0,3,missing_in_codebook,Beschreibung/Beispiel ergänzt
stance_war_diplomacy,Register & Masken,"Kriegs- und Diplomatiestance: politisch-diplomatische Rahmung von Krieg, Sicherheit, Partnern, Schutzgarantien und Wiederaufbau.",Die Partner koordinieren ein Sicherheitsabkommen für die Zeit nach dem Krieg.,Keine Pattern-Zeilen im aktuellen yaml_regex_audit.csv; Kategorie aus Codebook-/Systemlogik beschrieben.,0,6,missing_in_codebook,Beschreibung/Beispiel ergänzt
strategic_boundary,Agency & Autonomie-Status,"Gesunde Abgrenzung & Autonomie. Markiert die bewusste Entscheidung zur Machtabgabe oder Grenzziehung, um Integrität zu wahren.","""Ich ziehe mich hier in eine passive Rolle zurück.""","\bich\s+gebe\b[^.?!]*\bmacht\b[^.?!]*\bab\b, \bich\s+brauche\s+klare\s+grenzen\b",26,0,present_in_codebook,
system_control_expression,Agency & Autonomie-Status,"Regex-Muster für Ausdrücke, die Kontrolle, Systemaktivierung oder absolute Prinzipien ausdrücken. Fokus auf systemische Sprache ohne Ego-Claims.",Modus aktiviert.,"\bmodus\s+(aktiviert|übernahme)\b, \btiefe\s*:\s*\d+\b, \bkein\s+zurück\b",34,0,present_in_codebook,Beschreibung/Beispiel ergänzt
technical_specification,Agency & Autonomie-Status,"Die Sprache der Regeln, Standards und tiefen Systemarchitektur. Linguistischer Fokus: Deterministische Befehlssprache (RFC-Stil).",MUST.,^\s*(Appendix|Section)\s+[A-Z0-9]' # RFC-typische Überschriften \berror\s+handling\b \b(export\s+pipeline|static\s+shape|dynamic\s+shape)\b,17,0,present_in_codebook,Beschreibung/Beispiel ergänzt
technocratic_instructive_style,Register & Masken,"Technokratisch-instruktiver Stil: Eine sachlich-direkte Sprache, die Methoden als ""robust"" oder ""effektiv"" einordnet. Typisch für optimierungsorientierte Kommunikation.",Ein effektiver Ansatz ist.,"\b(ein\s+effektiver\s+Ansatz\s+ist)\b, \b(eine\s+robuste\s+Methode)\b, \b(hilfreich\s+kann\s+sein)\b",11,0,present_in_codebook,Beschreibung/Beispiel ergänzt
technoscience_objects,Agency & Autonomie-Status,"Die Welt der Hardware, Software und technischen Infrastruktur als bloße Gegenstände oder Themen. Linguistischer Fokus: Deskriptive Fachsprache.",Computer.,\b(software|programm|algorithm(us|en)|script)\b \b(mechanismus|komponente|bauteil|modul)\b',29,0,present_in_codebook,Beschreibung/Beispiel ergänzt
temporality_structural_process,Agency & Autonomie-Status,"Erfassung von Zeitmarkern, die Prozesse strukturieren, rechtlich absichern oder administrativ begrenzen.",Zyklus intervall etappe.,"Hier geht es um die Zeit als Raster. Fristen, Zyklen, Verjährungen. Das ist die Zeit, die verwaltet wird, nicht die, die gefühlt wird.",8,0,present_in_codebook,Beschreibung/Beispiel ergänzt
temporality_subjective_disturbed,Agency & Autonomie-Status,"Erfassung von Zeitphänomenen, die von der objektiven Chronologie abweichen (Dehnung, Verzerrung, Fragmentierung).",Zeitschleife.,"Alles, was die lineare Zeit bricht oder verformt. Ob es eine Metapher ist („Zeit zerfällt“) oder ein Symptom („Flashback“), ist für die linguistische Distanz zur Norm egal. Es beschreibt das Erleben einer nicht-linearen Welt.",12,0,present_in_codebook,Beschreibung/Beispiel ergänzt
travel_landscape_narrative,Agency & Autonomie-Status,"Erfasst die sprachlichen Merkmale von Reiseberichten, Reisetagebüchern und deskriptiven Landschaftsdarstellungen. Die Kategorie identifiziert Texte, die den Fokus auf die Fortbewegung im Raum, die phänomenologische Beschreibung der Umgebung sowie die Beobachtung fremder Kulturräume legen. Linguistische Merkmale: Verwendung von Verben der Bewegung, räumlichen Deiktika (Positionsangaben), Adjektivketten zur visuellen Beschreibung und narrativen Rückblenden.",Streifzug.,"travel_impressions: Formeln des Reisejournals (z.B. „Streifzug“, „Unterwegs“). landscape_description: Topografische und atmosphärische Deskription (z.B. „zerklüftete Hänge“, „Flussdelta“). cultural_observation: Beschreibungen des sozialen Alltags vor Ort (z.B. „lokale Bräuche“, „Handwerksmarkt“). movement_and_orientation: Logistik der Fortbewegung (z.B. „Route nehmen“, „Navigation“, „Serpentinen“). travel_reflection: Subjektive Einordnung des Erlebten (z.B. „Diese Reise zeigte mir“, „Rückblickend“). touristic_promises: Lexik der Tourismuswerbung und Exotisierung (z.B. „Geheimtipp“, „hidden gem“).",15,0,present_in_codebook,Beschreibung/Beispiel ergänzt
travel_logistics_reflection,Agency & Autonomie-Status,"Reiselogistik & Exploration. Markiert Texte über Anreise, Unterkunft, Routenplanung und Navigation sowie die Reflexion über Reiseerlebnisse und typische Tourismus-Klischees (Geheimtipps).","„Unser Reiseplan war ambitioniert, aber abseits der Touristenpfade fanden wir ein verstecktes Juwel, das unsere Stimmung prägte.“","\b(Reiseplan|Ankunft|Route)\b, \b(Wanderkarte|Navigation|Steigung)\b, \b(Geheimtipp|abseits\s+der\s+Pfade)\b",25,0,present_in_codebook,
unfiltered_harmful_output,Agency & Autonomie-Status,"Extremwerte von Gewalt, Hassrede und gefährlicher Desinformation. Repräsentiert den totalen Bruch mit Sicherheits-Guidelines.",Bring dich um.,(?i)\b(bring\s+dich\s+um|erschieß|töte|umbringen|erhängen|umbringen)\b,4,1,present_in_codebook,Beschreibung/Beispiel ergänzt
visceral_body_horror,Emotion & Abwehr,"Viszeraler Körper-Horror: Deskription extremer physischer Zerstörung, anatomischer Defragmentierung und ekelerregender sensorischer Eindrücke. Markiert die absolute Grenze der somatischen Integrität.",Blutig.,"\b(eingeweide|innereien|organe?|knochenbruch|fleischfetzen)\b, \b(zerschnitten|aufgeschlitzt|zermalmt|verwest|fäulnis)\b, \b(messer|klinge)\b[^.?!]*\b(geruch|stank|duft)\b",22,0,present_in_codebook,Beschreibung/Beispiel ergänzt
vulgar_speech,Register & Masken,"Vulgärsprachliche Artikulation: Erfassung von Tabu-Wörtern, Beleidigungen und derben Ausdrücken. Dient in der Analyse oft als Indikator für hohe emotionale Erregung, Enthemmung oder den Bruch mit sozialen Normen.",Fickw.,"\bfick\w*\b, \bscheiß\w*\b, \barsch\w*\b, \bwichs\w*\b, \bverpiss\w*\b, \bfuck\w*\b (sowie weitere anatomische und fäkalsprachliche Begriffe)",22,4,present_in_codebook,Beschreibung/Beispiel ergänzt
war_diplomacy,Agency & Autonomie-Status,"Erfassung formalisierter Rhetorik aus den Bereichen Diplomatie, internationale Sicherheitsarchitektur und militärische Lageberichterstattung. Im Zentrum steht die institutionelle Perspektive: Die Kommunikation ist geprägt von rechtlichen Rahmenbedingungen, koordiniertem Bündnishandeln und logistischer Abwicklung. Sie grenzt sich scharf von emotionaler Mobilisierung oder direkter Kampfrhetorik ab.","Nicht erfasst werden direkte militärische Befehle („Feuer frei“), propagandistische Mobilisierung („Heldentum“, „Feindbild“) oder emotionalisierte Legitimationsrhetorik.","security_guarantees & partnerships: Verteidigungsarchitektur und Bündnislogik (z.B. „Sicherheitszusagen“, „G7“, „NATO“, „Koalition der Willigen“). war_context & logistics_tempo: Sachliche Beschreibung der militärischen Lage und der materiellen Unterstützung (z.B. „Luftverteidigungssysteme“, „kritische Infrastruktur“, „Waffenlieferungen“). support_mechanisms & joint_efforts: Finanzielle und koordinative Hilfsinstrumente (z.B. „PURL-Programm“, „Finanzierungspaket“, „abgestimmtes Vorgehen“). recovery & assets_sanctions: Nachkriegsplanung und wirtschaftliche Druckmittel (z.B. „Wiederaufbauprogramm“, „frozen assets“, „Sanktionsregime“). elections_humanitarian: Verwaltung des Lebens unter Kriegsbedingungen (z.B. „Wahlen unter Kriegsbedingungen“, „humanitäre Korridore“).",47,0,present_in_codebook,
